"Date","Close","% Change","% Change vs Average","Volume"
"2016-04-11T04:00:00.000Z","109.64","-0.89","-1.42","203,633,900"
"2016-04-18T04:00:00.000Z","110.56","0.84","0.31","131,739,000"
"2016-04-25T04:00:00.000Z","117.58","6.35","5.82","220,003,200"
"2016-05-02T04:00:00.000Z","119.49","1.62","1.10","124,113,400"
"2016-05-09T04:00:00.000Z","119.81","0.27","-0.26","106,556,300"
"2016-05-16T04:00:00.000Z","117.35","-2.05","-2.58","113,707,600"
"2016-05-23T04:00:00.000Z","119.38","1.73","1.20","92,619,300"
"2016-05-30T04:00:00.000Z","118.47","-0.76","-1.29","65,940,500"
"2016-06-06T04:00:00.000Z","116.62","-1.56","-2.09","76,723,300"
"2016-06-13T04:00:00.000Z","113.02","-3.09","-3.61","113,036,700"
"2016-06-20T04:00:00.000Z","112.08","-0.83","-1.36","111,618,000"
"2016-06-27T04:00:00.000Z","114.19","1.88","1.36","122,085,200"
"2016-07-04T04:00:00.000Z","117.24","2.67","2.14","73,317,400"
"2016-07-11T04:00:00.000Z","116.86","-0.32","-0.85","80,362,700"
"2016-07-18T04:00:00.000Z","121.00","3.54","3.02","98,680,300"
"2016-07-25T04:00:00.000Z","123.94","2.43","1.90","202,768,200"
"2016-08-01T04:00:00.000Z","125.15","0.98","0.45","108,750,600"
"2016-08-08T04:00:00.000Z","124.88","-0.22","-0.74","69,413,500"
"2016-08-15T04:00:00.000Z","123.56","-1.06","-1.58","71,400,800"
"2016-08-22T04:00:00.000Z","124.96","1.13","0.61","68,175,200"
"2016-08-29T04:00:00.000Z","126.51","1.24","0.71","73,585,700"
"2016-09-05T04:00:00.000Z","127.10","0.47","-0.06","97,046,500"
"2016-09-12T04:00:00.000Z","129.07","1.55","1.02","94,156,500"
"2016-09-19T04:00:00.000Z","127.96","-0.86","-1.39","83,975,500"
"2016-09-26T04:00:00.000Z","128.27","0.24","-0.28","75,684,700"
"2016-10-03T04:00:00.000Z","128.99","0.56","0.03","64,338,300"
"2016-10-10T04:00:00.000Z","127.88","-0.86","-1.39","74,234,200"
"2016-10-17T04:00:00.000Z","132.07","3.28","2.75","73,864,300"
"2016-10-24T04:00:00.000Z","131.29","-0.59","-1.12","85,178,600"
"2016-10-31T04:00:00.000Z","120.75","-8.03","-8.55","171,699,500"
"2016-11-07T05:00:00.000Z","119.02","-1.43","-1.96","175,072,500"
"2016-11-14T05:00:00.000Z","117.02","-1.68","-2.21","159,933,400"
"2016-11-21T05:00:00.000Z","120.38","2.87","2.34","85,835,300"
"2016-11-28T05:00:00.000Z","115.40","-4.14","-4.66","135,528,600"
"2016-12-05T05:00:00.000Z","119.68","3.71","3.18","101,153,900"
"2016-12-12T05:00:00.000Z","119.87","0.16","-0.37","118,950,500"
"2016-12-19T05:00:00.000Z","117.27","-2.17","-2.70","67,518,700"
"2016-12-26T05:00:00.000Z","115.05","-1.89","-2.42","52,757,900"
"2017-01-02T05:00:00.000Z","123.41","7.27","6.74","88,332,300"
"2017-01-09T05:00:00.000Z","128.34","3.99","3.47","102,099,700"
"2017-01-16T05:00:00.000Z","127.04","-1.01","-1.54","59,733,100"
"2017-01-23T05:00:00.000Z","132.18","4.05","3.52","90,047,200"
"2017-01-30T05:00:00.000Z","130.98","-0.91","-1.43","168,057,700"
"2017-02-06T05:00:00.000Z","134.19","2.45","1.92","85,578,000"
"2017-02-13T05:00:00.000Z","133.53","-0.49","-1.02","66,225,200"
"2017-02-20T05:00:00.000Z","135.44","1.43","0.90","73,167,400"
"2017-02-27T05:00:00.000Z","137.17","1.28","0.75","70,131,200"
"2017-03-06T05:00:00.000Z","138.79","1.18","0.65","68,309,200"
"2017-03-13T04:00:00.000Z","139.84","0.76","0.23","77,450,000"
"2017-03-20T04:00:00.000Z","140.34","0.36","-0.17","88,737,200"
"2017-03-27T04:00:00.000Z","142.05","1.22","0.69","67,889,800"
"2017-04-03T04:00:00.000Z","140.78","-0.89","-1.42","70,592,400"
"2017-04-10T04:00:00.000Z","139.39","-0.99","-1.51","48,255,600"
"2017-04-17T04:00:00.000Z","143.68","3.08","2.55","70,241,300"
"2017-04-24T04:00:00.000Z","150.25","4.57","4.05","86,497,000"
"2017-05-01T04:00:00.000Z","150.24","-0.01","-0.53","130,245,200"
"2017-05-08T04:00:00.000Z","150.33","0.06","-0.47","66,802,200"
"2017-05-15T04:00:00.000Z","148.06","-1.51","-2.04","97,135,100"
"2017-05-22T04:00:00.000Z","152.13","2.75","2.22","78,154,500"
"2017-05-29T04:00:00.000Z","153.61","0.97","0.45","62,634,900"
"2017-06-05T04:00:00.000Z","149.60","-2.61","-3.14","91,421,300"
"2017-06-12T04:00:00.000Z","150.64","0.70","0.17","116,339,000"
"2017-06-19T04:00:00.000Z","155.07","2.94","2.41","79,842,700"
"2017-06-26T04:00:00.000Z","150.98","-2.64","-3.16","95,769,100"
"2017-07-03T04:00:00.000Z","151.44","0.30","-0.22","56,764,700"
"2017-07-10T04:00:00.000Z","159.97","5.63","5.11","80,086,200"
"2017-07-17T04:00:00.000Z","164.43","2.79","2.26","96,122,400"
"2017-07-24T04:00:00.000Z","172.45","4.88","4.35","161,455,400"
"2017-07-31T04:00:00.000Z","169.62","-1.64","-2.17","78,869,200"
"2017-08-07T04:00:00.000Z","168.08","-0.91","-1.43","72,620,200"
"2017-08-14T04:00:00.000Z","167.41","-0.40","-0.93","69,772,900"
"2017-08-21T04:00:00.000Z","166.32","-0.65","-1.18","59,799,900"
"2017-08-28T04:00:00.000Z","172.02","3.43","2.90","59,717,100"
"2017-09-04T04:00:00.000Z","170.95","-0.62","-1.15","56,165,200"
"2017-09-11T04:00:00.000Z","171.64","0.40","-0.12","63,953,800"
"2017-09-18T04:00:00.000Z","170.54","-0.64","-1.17","61,645,200"
"2017-09-25T04:00:00.000Z","170.87","0.19","-0.33","111,376,500"
"2017-10-02T04:00:00.000Z","172.23","0.80","0.27","61,415,600"
"2017-10-09T04:00:00.000Z","173.74","0.88","0.35","61,204,500"
"2017-10-16T04:00:00.000Z","174.98","0.71","0.19","66,891,900"
"2017-10-23T04:00:00.000Z","177.88","1.66","1.13","84,107,200"
"2017-10-30T04:00:00.000Z","178.92","0.58","0.06","138,797,700"
"2017-11-06T05:00:00.000Z","178.46","-0.26","-0.78","60,415,500"
"2017-11-13T05:00:00.000Z","179.00","0.30","-0.22","57,988,600"
"2017-11-20T05:00:00.000Z","182.78","2.11","1.58","44,359,000"
"2017-11-27T05:00:00.000Z","175.10","-4.20","-4.73","114,147,800"
"2017-12-04T05:00:00.000Z","179.00","2.23","1.70","105,188,400"
"2017-12-11T05:00:00.000Z","180.18","0.66","0.13","86,692,500"
"2017-12-18T05:00:00.000Z","177.20","-1.65","-2.18","64,156,700"
"2017-12-25T05:00:00.000Z","176.46","-0.42","-0.94","40,875,700"
"2018-01-01T05:00:00.000Z","186.85","5.89","5.36","62,493,900"
"2018-01-08T05:00:00.000Z","179.37","-4.00","-4.53","128,057,600"
"2018-01-15T05:00:00.000Z","181.29","1.07","0.54","114,307,600"
"2018-01-22T05:00:00.000Z","190.00","4.80","4.28","106,209,700"
"2018-01-29T05:00:00.000Z","190.28","0.15","-0.38","165,475,700"
"2018-02-05T05:00:00.000Z","176.11","-7.45","-7.97","176,854,500"
"2018-02-12T05:00:00.000Z","177.36","0.71","0.18","124,398,600"
"2018-02-19T05:00:00.000Z","183.29","3.34","2.82","81,877,200"
"2018-02-26T05:00:00.000Z","176.62","-3.64","-4.17","95,460,000"
"2018-03-05T05:00:00.000Z","185.23","4.87","4.35","86,125,600"
"2018-03-12T04:00:00.000Z","185.09","-0.08","-0.60","90,208,100"
"2018-03-19T04:00:00.000Z","159.39","-13.89","-14.41","451,943,400"
"2018-03-26T04:00:00.000Z","159.79","0.25","-0.28","324,697,100"
"2018-04-02T04:00:00.000Z","157.20","-1.62","-2.15","212,319,900"
"2018-04-09T04:00:00.000Z","164.52","4.66","4.13","207,202,700"
"2018-04-16T04:00:00.000Z","166.28","1.07","0.54","103,186,400"
"2018-04-23T04:00:00.000Z","173.59","4.40","3.87","206,613,200"
"2018-04-30T04:00:00.000Z","176.61","1.74","1.21","118,904,800"
"2018-05-07T04:00:00.000Z","186.99","5.88","5.35","99,836,400"
"2018-05-14T04:00:00.000Z","182.68","-2.30","-2.83","76,022,800"
"2018-05-21T04:00:00.000Z","184.92","1.23","0.70","66,212,200"
"2018-05-28T04:00:00.000Z","193.99","4.90","4.38","78,225,600"
"2018-06-04T04:00:00.000Z","189.10","-2.52","-3.05","91,223,300"
"2018-06-11T04:00:00.000Z","195.85","3.57","3.04","81,327,200"
"2018-06-18T04:00:00.000Z","201.74","3.01","2.48","101,516,800"
"2018-06-25T04:00:00.000Z","194.32","-3.68","-4.20","95,891,100"
"2018-07-02T04:00:00.000Z","203.23","4.59","4.06","66,875,400"
"2018-07-09T04:00:00.000Z","207.32","2.01","1.49","71,208,400"
"2018-07-16T04:00:00.000Z","209.94","1.26","0.74","69,277,300"
"2018-07-23T04:00:00.000Z","174.89","-16.70","-17.22","334,032,300"
"2018-07-30T04:00:00.000Z","177.78","1.65","1.13","196,842,800"
"2018-08-06T04:00:00.000Z","180.26","1.39","0.87","146,552,500"
"2018-08-13T04:00:00.000Z","173.80","-3.58","-4.11","125,790,500"
"2018-08-20T04:00:00.000Z","174.65","0.49","-0.04","90,675,800"
"2018-08-27T04:00:00.000Z","175.73","0.62","0.09","94,608,400"
"2018-09-03T04:00:00.000Z","163.04","-7.22","-7.75","126,851,100"
"2018-09-10T04:00:00.000Z","162.32","-0.44","-0.97","111,957,100"
"2018-09-17T04:00:00.000Z","162.93","0.38","-0.15","128,030,300"
"2018-09-24T04:00:00.000Z","164.46","0.94","0.41","133,630,300"
"2018-10-01T04:00:00.000Z","157.33","-4.34","-4.86","137,031,800"
"2018-10-08T04:00:00.000Z","153.74","-2.28","-2.81","134,132,800"
"2018-10-15T04:00:00.000Z","154.05","0.20","-0.33","93,642,000"
"2018-10-22T04:00:00.000Z","145.37","-5.63","-6.16","115,673,300"
"2018-10-29T04:00:00.000Z","150.35","3.43","2.90","192,315,900"
"2018-11-05T05:00:00.000Z","144.96","-3.58","-4.11","95,988,400"
"2018-11-12T05:00:00.000Z","139.53","-3.75","-4.27","123,323,100"
"2018-11-19T05:00:00.000Z","131.73","-5.59","-6.12","123,658,000"
"2018-11-26T05:00:00.000Z","140.61","6.74","6.21","124,832,700"
"2018-12-03T05:00:00.000Z","137.42","-2.27","-2.80","104,540,200"
"2018-12-10T05:00:00.000Z","144.06","4.83","4.31","110,353,800"
"2018-12-17T05:00:00.000Z","124.95","-13.27","-13.79","203,647,400"
"2018-12-24T05:00:00.000Z","133.20","6.60","6.08","115,619,500"
"2018-12-31T05:00:00.000Z","137.95","3.57","3.04","104,491,500"
"2019-01-07T05:00:00.000Z","143.80","4.24","3.71","97,592,000"
"2019-01-14T05:00:00.000Z","150.04","4.34","3.81","109,432,500"
"2019-01-21T05:00:00.000Z","149.01","-0.69","-1.21","85,669,800"
"2019-01-28T05:00:00.000Z","165.71","11.21","10.68","185,793,900"
"2019-02-04T05:00:00.000Z","167.33","0.98","0.45","85,953,200"
"2019-02-11T05:00:00.000Z","162.50","-2.89","-3.41","71,568,200"
"2019-02-18T05:00:00.000Z","161.89","-0.38","-0.90","57,582,400"
"2019-02-25T05:00:00.000Z","162.28","0.24","-0.29","67,430,700"
"2019-03-04T05:00:00.000Z","169.60","4.51","3.98","100,105,600"
"2019-03-11T04:00:00.000Z","165.98","-2.13","-2.66","98,185,400"
"2019-03-18T04:00:00.000Z","164.34","-0.99","-1.51","115,959,400"
"2019-03-25T04:00:00.000Z","166.69","1.43","0.90","62,587,900"
"2019-04-01T04:00:00.000Z","175.72","5.42","4.89","89,160,900"
"2019-04-08T04:00:00.000Z","179.10","1.92","1.40","59,150,700"
"2019-04-15T04:00:00.000Z","178.28","-0.46","-0.98","43,679,300"
"2019-04-22T04:00:00.000Z","191.49","7.41","6.88","146,858,400"
"2019-04-29T04:00:00.000Z","195.47","2.08","1.55","86,917,500"
"2019-05-06T04:00:00.000Z","188.34","-3.65","-4.17","68,299,100"
"2019-05-13T04:00:00.000Z","185.30","-1.61","-2.14","74,646,800"
"2019-05-20T04:00:00.000Z","181.06","-2.29","-2.81","48,645,100"
"2019-05-27T04:00:00.000Z","177.47","-1.98","-2.51","51,449,000"
"2019-06-03T04:00:00.000Z","173.35","-2.32","-2.85","151,225,900"
"2019-06-10T04:00:00.000Z","181.33","4.60","4.08","76,761,600"
"2019-06-17T04:00:00.000Z","191.14","5.41","4.88","125,835,300"
"2019-06-24T04:00:00.000Z","193.00","0.97","0.45","72,605,800"
"2019-07-01T04:00:00.000Z","196.40","1.76","1.23","44,642,000"
"2019-07-08T04:00:00.000Z","204.87","4.31","3.79","74,039,000"
"2019-07-15T04:00:00.000Z","198.36","-3.18","-3.70","64,282,900"
"2019-07-22T04:00:00.000Z","199.75","0.70","0.17","125,029,100"
"2019-07-29T04:00:00.000Z","189.02","-5.37","-5.90","76,101,900"
"2019-08-05T04:00:00.000Z","187.85","-0.62","-1.15","82,843,300"
"2019-08-12T04:00:00.000Z","183.70","-2.21","-2.74","68,992,100"
"2019-08-19T04:00:00.000Z","177.75","-3.24","-3.77","56,317,600"
"2019-08-26T04:00:00.000Z","185.67","4.46","3.93","53,462,500"
"2019-09-02T04:00:00.000Z","187.49","0.98","0.45","50,190,900"
"2019-09-09T04:00:00.000Z","187.19","-0.16","-0.69","64,800,900"
"2019-09-16T04:00:00.000Z","189.93","1.46","0.94","58,124,700"
"2019-09-23T04:00:00.000Z","177.10","-6.76","-7.28","80,682,000"
"2019-09-30T04:00:00.000Z","180.45","1.89","1.36","70,481,200"
"2019-10-07T04:00:00.000Z","184.19","2.07","1.55","49,737,600"
"2019-10-14T04:00:00.000Z","185.85","0.90","0.37","59,039,200"
"2019-10-21T04:00:00.000Z","187.89","1.10","0.57","59,435,300"
"2019-10-28T04:00:00.000Z","193.62","3.05","2.52","119,965,700"
"2019-11-04T05:00:00.000Z","190.84","-1.44","-1.96","61,520,100"
"2019-11-11T05:00:00.000Z","195.10","2.23","1.71","57,672,200"
"2019-11-18T05:00:00.000Z","198.82","1.91","1.38","69,670,200"
"2019-11-25T05:00:00.000Z","201.64","1.42","0.89","47,729,600"
"2019-12-02T05:00:00.000Z","201.05","-0.29","-0.82","53,566,000"
"2019-12-09T05:00:00.000Z","194.11","-3.45","-3.98","72,000,100"
"2019-12-16T05:00:00.000Z","206.30","6.28","5.75","92,183,100"
"2019-12-23T05:00:00.000Z","208.10","0.87","0.35","39,030,100"
"2019-12-30T05:00:00.000Z","208.67","0.27","-0.25","42,743,300"
"2020-01-06T05:00:00.000Z","218.06","4.50","3.97","70,208,500"
"2020-01-13T05:00:00.000Z","222.14","1.87","1.34","63,710,000"
"2020-01-20T05:00:00.000Z","217.94","-1.89","-2.42","49,589,400"
"2020-01-27T05:00:00.000Z","201.91","-7.36","-7.88","140,541,200"
"2020-02-03T05:00:00.000Z","212.33","5.16","4.63","70,472,700"
"2020-02-10T05:00:00.000Z","214.18","0.87","0.34","76,839,200"
"2020-02-17T05:00:00.000Z","210.18","-1.87","-2.39","54,945,800"
"2020-02-24T05:00:00.000Z","192.47","-8.43","-8.95","115,289,600"
"2020-03-02T05:00:00.000Z","181.09","-5.91","-6.44","119,888,600"
"2020-03-09T04:00:00.000Z","170.28","-5.97","-6.50","153,135,600"
"2020-03-16T04:00:00.000Z","149.73","-12.07","-12.60","183,359,800"
"2020-03-23T04:00:00.000Z","156.79","4.72","4.19","146,892,200"
"2020-03-30T04:00:00.000Z","154.18","-1.66","-2.19","112,568,700"
"2020-04-06T04:00:00.000Z","175.19","13.63","13.10","105,064,000"
"2020-04-13T04:00:00.000Z","179.24","2.31","1.79","102,358,200"
"2020-04-20T04:00:00.000Z","190.07","6.04","5.52","124,421,800"
"2020-04-27T04:00:00.000Z","202.27","6.42","5.89","173,529,000"
"2020-05-04T04:00:00.000Z","212.35","4.98","4.46","89,836,900"
"2020-05-11T04:00:00.000Z","210.88","-0.69","-1.22","84,863,200"
"2020-05-18T04:00:00.000Z","234.91","11.40","10.87","183,866,200"
"2020-05-25T04:00:00.000Z","225.09","-4.18","-4.71","120,494,600"
"2020-06-01T04:00:00.000Z","230.77","2.52","2.00","88,315,000"
"2020-06-08T04:00:00.000Z","228.58","-0.95","-1.48","112,449,700"
"2020-06-15T04:00:00.000Z","238.79","4.47","3.94","96,018,900"
"2020-06-22T04:00:00.000Z","216.08","-9.51","-10.04","158,818,800"
"2020-06-29T04:00:00.000Z","233.42","8.02","7.50","166,474,700"
"2020-07-06T04:00:00.000Z","245.07","4.99","4.46","129,042,900"
"2020-07-13T04:00:00.000Z","242.03","-1.24","-1.77","104,219,700"
"2020-07-20T04:00:00.000Z","230.71","-4.68","-5.20","95,761,900"
"2020-07-27T04:00:00.000Z","253.67","9.95","9.43","114,541,900"
"2020-08-03T04:00:00.000Z","268.44","5.82","5.30","171,366,500"
"2020-08-10T04:00:00.000Z","261.24","-2.68","-3.21","112,069,500"
"2020-08-17T04:00:00.000Z","267.01","2.21","1.68","91,171,300"
"2020-08-24T04:00:00.000Z","293.66","9.98","9.45","182,286,700"
"2020-08-31T04:00:00.000Z","282.73","-3.72","-4.25","121,610,200"
"2020-09-07T04:00:00.000Z","266.61","-5.70","-6.23","91,511,400"
"2020-09-14T04:00:00.000Z","252.53","-5.28","-5.81","131,167,900"
"2020-09-21T04:00:00.000Z","254.82","0.91","0.38","113,001,900"
"2020-09-28T04:00:00.000Z","259.94","2.01","1.48","95,546,400"
"2020-10-05T04:00:00.000Z","264.45","1.74","1.21","85,073,200"
"2020-10-12T04:00:00.000Z","265.93","0.56","0.03","96,699,200"
"2020-10-19T04:00:00.000Z","284.79","7.09","6.57","95,604,000"
"2020-10-26T04:00:00.000Z","263.11","-7.61","-8.14","140,347,800"
"2020-11-02T05:00:00.000Z","293.41","11.52","10.99","118,206,600"
"2020-11-09T05:00:00.000Z","276.95","-5.61","-6.14","92,433,100"
"2020-11-16T05:00:00.000Z","269.70","-2.62","-3.14","71,242,000"
"2020-11-23T05:00:00.000Z","277.81","3.01","2.48","58,196,600"
"2020-11-30T05:00:00.000Z","279.70","0.68","0.15","78,595,800"
"2020-12-07T05:00:00.000Z","273.55","-2.20","-2.73","83,401,600"
"2020-12-14T05:00:00.000Z","276.40","1.04","0.52","99,312,400"
"2020-12-21T05:00:00.000Z","267.40","-3.26","-3.78","54,897,600"
"2020-12-28T05:00:00.000Z","273.16","2.15","1.63","64,386,900"
"2021-01-04T05:00:00.000Z","267.57","-2.05","-2.57","83,649,900"
"2021-01-11T05:00:00.000Z","251.36","-6.06","-6.58","131,007,000"
"2021-01-18T05:00:00.000Z","274.50","9.21","8.68","96,021,100"
"2021-01-25T05:00:00.000Z","258.33","-5.89","-6.42","141,955,100"
"2021-02-01T05:00:00.000Z","268.10","3.78","3.26","82,972,900"
"2021-02-08T05:00:00.000Z","270.50","0.90","0.37","64,982,000"
"2021-02-15T05:00:00.000Z","261.56","-3.30","-3.83","69,052,100"
"2021-02-22T05:00:00.000Z","257.62","-1.51","-2.03","100,768,200"
"2021-03-01T05:00:00.000Z","264.28","2.59","2.06","111,309,100"
"2021-03-08T05:00:00.000Z","268.40","1.56","1.03","97,076,000"
"2021-03-15T04:00:00.000Z","290.11","8.09","7.56","118,256,300"
"2021-03-22T04:00:00.000Z","283.02","-2.44","-2.97","112,083,800"
"2021-03-29T04:00:00.000Z","298.66","5.53","5.00","76,307,500"
"2021-04-05T04:00:00.000Z","312.46","4.62","4.09","105,310,100"
"2021-04-12T04:00:00.000Z","306.18","-2.01","-2.54","69,957,700"
"2021-04-19T04:00:00.000Z","301.13","-1.65","-2.18","80,125,600"
"2021-04-26T04:00:00.000Z","325.08","7.95","7.43","148,248,300"
"2021-05-03T04:00:00.000Z","319.08","-1.85","-2.37","93,258,600"
"2021-05-10T04:00:00.000Z","315.94","-0.98","-1.51","105,129,700"
"2021-05-17T04:00:00.000Z","316.23","0.09","-0.43","79,951,000"
"2021-05-24T04:00:00.000Z","328.73","3.95","3.43","75,084,400"
"2021-05-31T04:00:00.000Z","330.35","0.49","-0.03","49,320,400"
"2021-06-07T04:00:00.000Z","331.26","0.28","-0.25","75,273,200"
"2021-06-14T04:00:00.000Z","329.66","-0.48","-1.01","86,111,800"
"2021-06-21T04:00:00.000Z","341.37","3.55","3.03","68,424,100"
"2021-06-28T04:00:00.000Z","354.70","3.90","3.38","94,339,200"
"2021-07-05T04:00:00.000Z","350.42","-1.21","-1.73","55,132,600"
"2021-07-12T04:00:00.000Z","341.16","-2.64","-3.17","61,176,500"
"2021-07-19T04:00:00.000Z","369.79","8.39","7.87","80,756,000"
"2021-07-26T04:00:00.000Z","356.30","-3.65","-4.17","109,696,900"
"2021-08-02T04:00:00.000Z","363.51","2.02","1.50","58,939,300"
"2021-08-09T04:00:00.000Z","363.18","-0.09","-0.62","38,035,500"
"2021-08-16T04:00:00.000Z","359.37","-1.05","-1.58","54,295,400"
"2021-08-23T04:00:00.000Z","372.63","3.69","3.16","48,969,400"
"2021-08-30T04:00:00.000Z","376.26","0.97","0.45","59,802,400"
"2021-09-06T04:00:00.000Z","378.69","0.65","0.12","42,509,500"
"2021-09-13T04:00:00.000Z","364.72","-3.69","-4.22","77,911,400"
"2021-09-20T04:00:00.000Z","352.96","-3.22","-3.75","115,875,800"
"2021-09-27T04:00:00.000Z","343.01","-2.82","-3.35","82,820,700"
"2021-10-04T04:00:00.000Z","330.05","-3.78","-4.31","148,959,500"
"2021-10-11T04:00:00.000Z","324.76","-1.60","-2.13","97,027,000"
"2021-10-18T04:00:00.000Z","324.61","-0.05","-0.57","105,589,700"
"2021-10-25T04:00:00.000Z","323.57","-0.32","-0.85","221,901,000"
"2021-11-01T04:00:00.000Z","341.13","5.43","4.90","130,026,500"
"2021-11-08T05:00:00.000Z","340.89","-0.07","-0.60","95,562,700"
"2021-11-15T05:00:00.000Z","345.30","1.29","0.77","100,836,200"
"2021-11-22T05:00:00.000Z","333.12","-3.53","-4.05","72,658,700"
"2021-11-29T05:00:00.000Z","306.84","-7.89","-8.42","124,237,700"
"2021-12-06T05:00:00.000Z","329.75","7.47","6.94","91,897,200"
"2021-12-13T05:00:00.000Z","333.79","1.23","0.70","130,738,600"
"2021-12-20T05:00:00.000Z","335.24","0.43","-0.09","64,770,900"
"2021-12-27T05:00:00.000Z","336.35","0.33","-0.20","68,643,400"
"2022-01-03T05:00:00.000Z","331.79","-1.36","-1.88","93,785,200"
"2022-01-10T05:00:00.000Z","331.90","0.03","-0.49","86,939,700"
"2022-01-17T05:00:00.000Z","303.17","-8.66","-9.18","89,096,000"
"2022-01-24T05:00:00.000Z","301.71","-0.48","-1.01","135,836,900"
"2022-01-31T05:00:00.000Z","237.09","-21.42","-21.94","375,523,700"
"2022-02-07T05:00:00.000Z","219.55","-7.40","-7.92","365,374,100"
"2022-02-14T05:00:00.000Z","206.16","-6.10","-6.63","202,562,900"
"2022-02-21T05:00:00.000Z","210.48","2.10","1.57","171,918,600"
"2022-02-28T05:00:00.000Z","200.06","-4.95","-5.48","150,181,200"
"2022-03-07T05:00:00.000Z","187.61","-6.22","-6.75","167,510,900"
"2022-03-14T04:00:00.000Z","216.49","15.39","14.87","185,000,200"
"2022-03-21T04:00:00.000Z","221.82","2.46","1.94","157,399,700"
"2022-03-28T04:00:00.000Z","224.85","1.37","0.84","126,967,100"
"2022-04-04T04:00:00.000Z","222.33","-1.12","-1.65","126,190,000"
"2022-04-11T04:00:00.000Z","210.18","-5.46","-5.99","78,256,700"
"2022-04-18T04:00:00.000Z","184.11","-12.40","-12.93","166,088,100"
"2022-04-25T04:00:00.000Z","200.47","8.89","8.36","282,175,400"
"2022-05-02T04:00:00.000Z","203.77","1.65","1.12","208,723,900"
"2022-05-09T04:00:00.000Z","198.62","-2.53","-3.05","164,721,100"
"2022-05-16T04:00:00.000Z","193.54","-2.56","-3.08","131,857,800"
"2022-05-23T04:00:00.000Z","195.13","0.82","0.29","149,114,900"
"2022-05-30T04:00:00.000Z","190.78","-2.23","-2.76","114,171,200"
"2022-06-06T04:00:00.000Z","175.57","-7.97","-8.50","122,622,500"
"2022-06-13T04:00:00.000Z","163.74","-6.74","-7.26","147,320,200"
"2022-06-20T04:00:00.000Z","170.16","3.92","3.39","207,227,900"
"2022-06-27T04:00:00.000Z","160.03","-5.95","-6.48","152,188,800"
"2022-07-04T04:00:00.000Z","170.88","6.78","6.25","95,037,100"
"2022-07-11T04:00:00.000Z","164.70","-3.62","-4.14","102,188,400"
"2022-07-18T04:00:00.000Z","169.27","2.77","2.25","144,072,000"
"2022-07-25T04:00:00.000Z","159.10","-6.01","-6.53","213,761,000"
"2022-08-01T04:00:00.000Z","167.11","5.03","4.51","149,464,000"
"2022-08-08T04:00:00.000Z","180.50","8.01","7.49","121,569,400"
"2022-08-15T04:00:00.000Z","167.96","-6.95","-7.47","102,238,800"
"2022-08-22T04:00:00.000Z","161.78","-3.68","-4.21","98,077,100"
"2022-08-29T04:00:00.000Z","160.32","-0.90","-1.43","133,353,500"
"2022-09-05T04:00:00.000Z","169.15","5.51","4.98","80,788,600"
"2022-09-12T04:00:00.000Z","146.29","-13.51","-14.04","185,457,800"
"2022-09-19T04:00:00.000Z","140.41","-4.02","-4.55","149,854,700"
"2022-09-26T04:00:00.000Z","135.68","-3.37","-3.90","166,133,800"
"2022-10-03T04:00:00.000Z","133.45","-1.64","-2.17","159,819,000"
"2022-10-10T04:00:00.000Z","126.76","-5.01","-5.54","154,995,700"
"2022-10-17T04:00:00.000Z","130.01","2.56","2.04","158,453,100"
"2022-10-24T04:00:00.000Z","99.20","-23.70","-24.22","513,033,000"
"2022-10-31T04:00:00.000Z","90.79","-8.48","-9.00","419,674,200"
"2022-11-07T05:00:00.000Z","113.02","24.49","23.96","382,385,600"
"2022-11-14T05:00:00.000Z","112.05","-0.86","-1.39","205,804,800"
"2022-11-21T05:00:00.000Z","111.41","-0.57","-1.10","86,730,800"
"2022-11-28T05:00:00.000Z","123.49","10.84","10.32","167,059,100"
"2022-12-05T05:00:00.000Z","115.90","-6.15","-6.67","165,278,000"
"2022-12-12T05:00:00.000Z","119.43","3.05","2.52","207,965,200"
"2022-12-19T05:00:00.000Z","118.04","-1.16","-1.69","120,319,900"
"2022-12-26T05:00:00.000Z","120.34","1.95","1.42","82,954,800"
"2023-01-02T05:00:00.000Z","130.02","8.04","7.52","120,957,200"
"2023-01-09T05:00:00.000Z","136.98","5.35","4.83","133,938,000"
"2023-01-16T05:00:00.000Z","139.37","1.74","1.22","98,676,900"
"2023-01-23T05:00:00.000Z","151.74","8.88","8.35","137,316,300"
"2023-01-30T05:00:00.000Z","186.53","22.93","22.40","340,828,600"
"2023-02-06T05:00:00.000Z","174.15","-6.64","-7.16","196,256,000"
"2023-02-13T05:00:00.000Z","172.88","-0.73","-1.26","130,805,500"
"2023-02-20T05:00:00.000Z","170.39","-1.44","-1.97","96,834,900"
"2023-02-27T05:00:00.000Z","185.25","8.72","8.19","159,556,200"
"2023-03-06T05:00:00.000Z","179.51","-3.10","-3.63","141,591,100"
"2023-03-13T04:00:00.000Z","195.61","8.97","8.44","209,082,400"
"2023-03-20T04:00:00.000Z","206.01","5.32","4.79","140,597,200"
"2023-03-27T04:00:00.000Z","211.94","2.88","2.35","104,554,200"
"2023-04-03T04:00:00.000Z","216.10","1.96","1.44","84,452,000"
"2023-04-10T04:00:00.000Z","221.49","2.49","1.97","96,690,000"
"2023-04-17T04:00:00.000Z","212.89","-3.88","-4.41","77,853,600"
"2023-04-24T04:00:00.000Z","240.32","12.88","12.36","187,692,300"
"2023-05-01T04:00:00.000Z","232.78","-3.14","-3.66","132,826,200"
"2023-05-08T04:00:00.000Z","233.81","0.44","-0.08","88,989,400"
"2023-05-15T04:00:00.000Z","245.64","5.06","4.53","104,553,200"
"2023-05-22T04:00:00.000Z","262.04","6.68","6.15","111,309,500"
"2023-05-29T04:00:00.000Z","272.61","4.03","3.51","94,305,000"
"2023-06-05T04:00:00.000Z","264.95","-2.81","-3.34","104,163,400"
"2023-06-12T04:00:00.000Z","281.00","6.06","5.53","119,857,600"
"2023-06-19T04:00:00.000Z","288.73","2.75","2.22","109,809,300"
"2023-06-26T04:00:00.000Z","286.98","-0.61","-1.13","102,134,800"
"2023-07-03T04:00:00.000Z","290.53","1.24","0.71","115,641,500"
"2023-07-10T04:00:00.000Z","308.87","6.31","5.79","154,178,300"
"2023-07-17T04:00:00.000Z","294.26","-4.73","-5.26","133,778,000"
"2023-07-24T04:00:00.000Z","325.48","10.61","10.08","195,207,700"
"2023-07-31T04:00:00.000Z","310.73","-4.53","-5.06","101,859,000"
"2023-08-07T04:00:00.000Z","301.64","-2.93","-3.45","79,702,500"
"2023-08-14T04:00:00.000Z","283.25","-6.10","-6.62","103,824,500"
"2023-08-21T04:00:00.000Z","285.50","0.79","0.27","93,530,700"
"2023-08-28T04:00:00.000Z","296.38","3.81","3.28","82,850,500"
"2023-09-04T04:00:00.000Z","297.89","0.51","-0.02","81,670,800"
"2023-09-11T04:00:00.000Z","300.31","0.81","0.29","93,630,100"
"2023-09-18T04:00:00.000Z","299.08","-0.41","-0.94","96,208,200"
"2023-09-25T04:00:00.000Z","300.21","0.38","-0.15","122,357,700"
"2023-10-02T04:00:00.000Z","315.43","5.07","4.54","91,422,400"
"2023-10-09T04:00:00.000Z","314.69","-0.23","-0.76","105,449,500"
"2023-10-16T04:00:00.000Z","308.65","-1.92","-2.45","90,771,500"
"2023-10-23T04:00:00.000Z","296.73","-3.86","-4.39","175,795,200"
"2023-10-30T04:00:00.000Z","314.60","6.02","5.50","106,689,800"
"2023-11-06T05:00:00.000Z","328.77","4.50","3.98","75,752,300"
"2023-11-13T05:00:00.000Z","335.04","1.91","1.38","82,046,500"
"2023-11-20T05:00:00.000Z","338.23","0.95","0.43","45,158,600"
"2023-11-27T05:00:00.000Z","324.82","-3.96","-4.49","82,757,300"
"2023-12-04T05:00:00.000Z","332.75","2.44","1.91","77,266,100"
"2023-12-11T05:00:00.000Z","334.92","0.65","0.13","110,250,200"
"2023-12-18T05:00:00.000Z","353.39","5.51","4.99","80,147,000"
"2023-12-25T05:00:00.000Z","353.96","0.16","-0.37","49,885,800"
"2024-01-01T05:00:00.000Z","351.95","-0.57","-1.09","60,513,900"
"2024-01-08T05:00:00.000Z","374.49","6.40","5.88","85,972,400"
"2024-01-15T05:00:00.000Z","383.45","2.39","1.87","65,856,100"
"2024-01-22T05:00:00.000Z","394.14","2.79","2.26","77,139,900"
"2024-01-29T05:00:00.000Z","474.99","20.51","19.99","171,880,500"
"2024-02-05T05:00:00.000Z","468.11","-1.45","-1.98","122,781,800"
"2024-02-12T05:00:00.000Z","473.32","1.11","0.59","104,675,800"
"2024-02-19T05:00:00.000Z","484.03","2.26","1.74","70,992,700"
"2024-02-26T05:00:00.000Z","502.30","3.77","3.25","69,632,100"
"2024-03-04T05:00:00.000Z","505.95","0.73","0.20","76,568,900"
"2024-03-11T04:00:00.000Z","484.10","-4.32","-4.85","89,728,900"
"2024-03-18T04:00:00.000Z","509.58","5.26","4.74","52,199,000"
"2024-03-25T04:00:00.000Z","485.58","-4.71","-5.24","44,788,500"
"2024-04-01T04:00:00.000Z","527.34","8.60","8.07","78,145,500"
"2024-04-08T04:00:00.000Z","511.90","-2.93","-3.45","57,874,900"
"2024-04-15T04:00:00.000Z","481.07","-6.02","-6.55","75,474,200"
"2024-04-22T04:00:00.000Z","443.29","-7.85","-8.38","185,705,100"
"2024-04-29T04:00:00.000Z","451.96","1.96","1.43","91,987,400"
"2024-05-06T04:00:00.000Z","476.20","5.36","4.84","60,373,000"
"2024-05-13T04:00:00.000Z","471.91","-0.90","-1.43","65,663,400"
"2024-05-20T04:00:00.000Z","478.22","1.34","0.81","57,326,100"
"2024-05-27T04:00:00.000Z","466.83","-2.38","-2.91","47,057,000"
"2024-06-03T04:00:00.000Z","492.96","5.60","5.07","54,106,600"
"2024-06-10T04:00:00.000Z","504.16","2.27","1.75","53,091,700"
"2024-06-17T04:00:00.000Z","494.78","-1.86","-2.39","59,258,900"
"2024-06-24T04:00:00.000Z","504.22","1.91","1.38","60,493,700"
"2024-07-01T04:00:00.000Z","539.91","7.08","6.55","45,427,400"
"2024-07-08T04:00:00.000Z","498.87","-7.60","-8.13","70,862,800"
"2024-07-15T04:00:00.000Z","476.79","-4.43","-4.95","89,108,200"
"2024-07-22T04:00:00.000Z","465.70","-2.33","-2.85","71,591,200"
"2024-07-29T04:00:00.000Z","488.14","4.82","4.29","114,143,600"
"2024-08-05T04:00:00.000Z","517.77","6.07","5.54","92,309,900"
"2024-08-12T04:00:00.000Z","527.42","1.86","1.34","63,214,200"
"2024-08-19T04:00:00.000Z","528.00","0.11","-0.42","58,279,600"
"2024-08-26T04:00:00.000Z","521.31","-1.27","-1.79","42,447,700"
"2024-09-02T04:00:00.000Z","500.27","-4.04","-4.56","44,179,700"
"2024-09-09T04:00:00.000Z","524.62","4.87","4.34","54,044,000"
"2024-09-16T04:00:00.000Z","561.35","7.00","6.47","69,255,700"
"2024-09-23T04:00:00.000Z","567.36","1.07","0.54","66,166,300"
"2024-09-30T04:00:00.000Z","595.94","5.04","4.51","60,326,800"
"2024-10-07T04:00:00.000Z","589.95","-1.01","-1.53","45,728,800"
"2024-10-14T04:00:00.000Z","576.47","-2.28","-2.81","45,480,100"
"2024-10-21T04:00:00.000Z","573.25","-0.56","-1.09","49,487,400"
"2024-10-28T04:00:00.000Z","567.16","-1.06","-1.59","92,950,700"
"2024-11-04T05:00:00.000Z","589.34","3.91","3.38","64,214,800"
"2024-11-11T05:00:00.000Z","554.08","-5.98","-6.51","66,021,000"
"2024-11-18T05:00:00.000Z","559.14","0.91","0.39","53,985,100"
"2024-11-25T05:00:00.000Z","574.32","2.71","2.19","38,287,100"
"2024-12-02T05:00:00.000Z","623.77","8.61","8.08","67,143,300"
"2024-12-09T05:00:00.000Z","620.35","-0.55","-1.08","49,130,100"
"2024-12-16T05:00:00.000Z","585.25","-5.66","-6.18","104,806,400"
"2024-12-23T05:00:00.000Z","599.81","2.49","1.96","29,097,500"
"2024-12-30T05:00:00.000Z","604.63","0.80","0.28","37,164,500"
"2025-01-06T05:00:00.000Z","615.86","1.86","1.33","55,974,700"
"2025-01-13T05:00:00.000Z","612.77","-0.50","-1.03","65,543,200"
"2025-01-20T05:00:00.000Z","647.49","5.67","5.14","52,923,500"
"2025-01-27T05:00:00.000Z","689.18","6.44","5.91","119,381,700"
"2025-02-03T05:00:00.000Z","714.52","3.68","3.15","82,505,700"
"2025-02-07T05:00:00.000Z","714.52","0","-0.53","16,352,142"